X,Y,Z,Intensity,Vx,Vy,Vz
15.4592926607144,0.0148601010437019,0.0358607970057813,58.9053715439408,-14.9357957447955,0,0
15.4860317354989,0.156529615102875,0.0236869530480941,58.9053715439408,-14.9698324513824,0,0
15.4937051105891,-0.124178281275058,0.0364565095332245,58.9053715439408,-14.9603455027272,0,0
15.4743906853428,-0.0268516299348423,0.314025207016349,58.9053715439408,-14.8991653947625,0,0
15.4975144325403,0.136198205259878,0.32681733784899,58.9053715439408,-14.8931929971544,0,0
15.4994433086786,-0.123146477992681,0.335036635607383,58.9053715439408,-14.8866072547703,0,0
34.8433990124785,-5.40412461490352,2.02341754025109,11.403669390822,42.2938062613885,0,0
39.3927579171524,-2.64903331894538,-0.143874793679194,40.4835072419575,-4.97629015413122,0,0
